event,time,lower_mm,upper_mm
"Aug 6, 2024",2024-08-03 07:00:00-06:00,0.0,0.0
"Aug 6, 2024",2024-08-03 08:00:00-06:00,0.0,0.0
"Aug 6, 2024",2024-08-03 09:00:00-06:00,0.0,0.0
"Aug 6, 2024",2024-08-03 10:00:00-06:00,0.0,0.0
"Aug 6, 2024",2024-08-03 11:00:00-06:00,0.0,0.0
"Aug 6, 2024",2024-08-03 12:00:00-06:00,0.0,0.0
"Aug 6, 2024",2024-08-03 13:00:00-06:00,0.0,0.0
"Aug 6, 2024",2024-08-03 14:00:00-06:00,0.0,0.0
"Aug 6, 2024",2024-08-03 15:00:00-06:00,0.0,0.0
"Aug 6, 2024",2024-08-03 16:00:00-06:00,0.0,0.002828983391129768
"Aug 6, 2024",2024-08-03 17:00:00-06:00,0.0,0.025688994342033217
"Aug 6, 2024",2024-08-03 18:00:00-06:00,0.0,0.018205876984851252
"Aug 6, 2024",2024-08-03 19:00:00-06:00,0.0,0.004289103851067713
"Aug 6, 2024",2024-08-03 20:00:00-06:00,0.0,0.0
"Aug 6, 2024",2024-08-03 21:00:00-06:00,0.0,0.0
"Aug 6, 2024",2024-08-03 22:00:00-06:00,0.0,0.0
"Aug 6, 2024",2024-08-03 23:00:00-06:00,0.0,0.0
"Aug 6, 2024",2024-08-04 00:00:00-06:00,0.0,0.0
"Aug 6, 2024",2024-08-04 01:00:00-06:00,0.0,0.0
"Aug 6, 2024",2024-08-04 02:00:00-06:00,0.0,0.0
"Aug 6, 2024",2024-08-04 03:00:00-06:00,0.0,0.0
"Aug 6, 2024",2024-08-04 04:00:00-06:00,0.0,0.0
"Aug 6, 2024",2024-08-04 05:00:00-06:00,0.0,0.0
"Aug 6, 2024",2024-08-04 06:00:00-06:00,0.0,0.0
"Aug 6, 2024",2024-08-04 07:00:00-06:00,0.0,0.0
"Aug 6, 2024",2024-08-04 08:00:00-06:00,0.0,0.0
"Aug 6, 2024",2024-08-04 09:00:00-06:00,0.0,0.0
"Aug 6, 2024",2024-08-04 10:00:00-06:00,0.0,0.0
"Aug 6, 2024",2024-08-04 11:00:00-06:00,0.00016655562958027982,0.0
"Aug 6, 2024",2024-08-04 12:00:00-06:00,0.00882744836775483,0.04352984121189998
"Aug 6, 2024",2024-08-04 13:00:00-06:00,0.06628914057295136,0.18429457930279247
"Aug 6, 2024",2024-08-04 14:00:00-06:00,0.3286142571618921,0.22855448074466145
"Aug 6, 2024",2024-08-04 15:00:00-06:00,0.5211525649566955,0.3236448256981201
"Aug 6, 2024",2024-08-04 16:00:00-06:00,0.39806795469686873,0.8284814747216646
"Aug 6, 2024",2024-08-04 17:00:00-06:00,0.241672218520986,0.678682241284906
"Aug 6, 2024",2024-08-04 18:00:00-06:00,0.002331778814123917,0.1435480927176492
"Aug 6, 2024",2024-08-04 19:00:00-06:00,0.0,0.12032305165176127
"Aug 6, 2024",2024-08-04 20:00:00-06:00,0.042305129913391075,0.4728508851980288
"Aug 6, 2024",2024-08-04 21:00:00-06:00,0.49283810792804794,1.1249315568534404
"Aug 6, 2024",2024-08-04 22:00:00-06:00,1.4257161892071952,0.713998904909655
"Aug 6, 2024",2024-08-04 23:00:00-06:00,1.2146902065289806,0.4521354261726592
"Aug 6, 2024",2024-08-05 00:00:00-06:00,1.1988674217188542,0.1304070085782077
"Aug 6, 2024",2024-08-05 01:00:00-06:00,0.2533311125916056,0.01054024457017704
"Aug 6, 2024",2024-08-05 02:00:00-06:00,0.005662891405729514,0.020715459025369594
"Aug 6, 2024",2024-08-05 03:00:00-06:00,0.00033311125916055963,0.0006844314655959116
"Aug 6, 2024",2024-08-05 04:00:00-06:00,0.0,0.0
"Aug 6, 2024",2024-08-05 05:00:00-06:00,0.0,0.0
"Aug 6, 2024",2024-08-05 06:00:00-06:00,0.0,0.0
"Aug 6, 2024",2024-08-05 07:00:00-06:00,0.0,0.0
"Aug 6, 2024",2024-08-05 08:00:00-06:00,0.0,0.0
"Aug 6, 2024",2024-08-05 09:00:00-06:00,0.0,0.0
"Aug 6, 2024",2024-08-05 10:00:00-06:00,0.0,0.0
"Aug 6, 2024",2024-08-05 11:00:00-06:00,0.0,0.0
"Aug 6, 2024",2024-08-05 12:00:00-06:00,0.0354763491005996,0.0005931739368497901
"Aug 6, 2024",2024-08-05 13:00:00-06:00,0.13274483677548302,0.06534039058222303
"Aug 6, 2024",2024-08-05 14:00:00-06:00,0.2929713524317122,0.2870505566709253
"Aug 6, 2024",2024-08-05 15:00:00-06:00,0.657728181212525,0.8126026647198394
"Aug 6, 2024",2024-08-05 16:00:00-06:00,1.5351432378414391,2.9329257163716007
"Aug 6, 2024",2024-08-05 17:00:00-06:00,2.591105929380413,4.070587698485125
"Aug 6, 2024",2024-08-05 18:00:00-06:00,1.5876082611592273,1.06082314290929
"Aug 6, 2024",2024-08-05 19:00:00-06:00,1.102931379080613,0.4937032305165176
"Aug 6, 2024",2024-08-05 20:00:00-06:00,0.21585609593604263,0.2539697025004563
"Aug 6, 2024",2024-08-05 21:00:00-06:00,0.019320453031312457,0.16654498996167183
"Aug 6, 2024",2024-08-05 22:00:00-06:00,0.0043304463690872754,0.16590618726044898
"Aug 6, 2024",2024-08-05 23:00:00-06:00,0.0,0.09896878992516883
"Aug 6, 2024",2024-08-06 00:00:00-06:00,0.0,0.035955466325971894
"Aug 6, 2024",2024-08-06 01:00:00-06:00,0.0,0.005749224311005658
"Aug 6, 2024",2024-08-06 02:00:00-06:00,0.0,0.0
"Aug 6, 2024",2024-08-06 03:00:00-06:00,0.0,0.0
"Aug 6, 2024",2024-08-06 04:00:00-06:00,0.0,0.0
"Aug 6, 2024",2024-08-06 05:00:00-06:00,0.0,0.0
"Aug 6, 2024",2024-08-06 06:00:00-06:00,0.0,0.0
"Aug 6, 2024",2024-08-06 07:00:00-06:00,0.0,0.0
"Jul 28, 2026",2026-07-25 08:00:00-06:00,0.0,0.0
"Jul 28, 2026",2026-07-25 09:00:00-06:00,0.0,0.0
"Jul 28, 2026",2026-07-25 10:00:00-06:00,0.0,0.0
"Jul 28, 2026",2026-07-25 11:00:00-06:00,0.0,0.0
"Jul 28, 2026",2026-07-25 12:00:00-06:00,0.07561625582944703,0.052473079029019896
"Jul 28, 2026",2026-07-25 13:00:00-06:00,0.4037308461025983,0.23015148749771855
"Jul 28, 2026",2026-07-25 14:00:00-06:00,0.7210193204530313,0.23106406278517977
"Jul 28, 2026",2026-07-25 15:00:00-06:00,0.3510992671552298,0.4076017521445519
"Jul 28, 2026",2026-07-25 16:00:00-06:00,0.022318454363757494,0.40933564519072824
"Jul 28, 2026",2026-07-25 17:00:00-06:00,0.12591605596269154,0.18370140536594268
"Jul 28, 2026",2026-07-25 18:00:00-06:00,0.3520986009327115,0.04476181784997262
"Jul 28, 2026",2026-07-25 19:00:00-06:00,0.04013990672884744,0.04530936302244935
"Jul 28, 2026",2026-07-25 20:00:00-06:00,0.0,0.0
"Jul 28, 2026",2026-07-25 21:00:00-06:00,0.0,0.0
"Jul 28, 2026",2026-07-25 22:00:00-06:00,0.00016655562958027982,0.0005931739368497901
"Jul 28, 2026",2026-07-25 23:00:00-06:00,0.0,0.0
"Jul 28, 2026",2026-07-26 00:00:00-06:00,0.0,0.0
"Jul 28, 2026",2026-07-26 01:00:00-06:00,0.0,0.0
"Jul 28, 2026",2026-07-26 02:00:00-06:00,0.0,0.0
"Jul 28, 2026",2026-07-26 03:00:00-06:00,0.0,0.0
"Jul 28, 2026",2026-07-26 04:00:00-06:00,0.0,0.0
"Jul 28, 2026",2026-07-26 05:00:00-06:00,0.0,0.0
"Jul 28, 2026",2026-07-26 06:00:00-06:00,0.0,0.0
"Jul 28, 2026",2026-07-26 07:00:00-06:00,0.0,0.0
"Jul 28, 2026",2026-07-26 08:00:00-06:00,0.0,0.0
"Jul 28, 2026",2026-07-26 09:00:00-06:00,0.0,0.0
"Jul 28, 2026",2026-07-26 10:00:00-06:00,0.0,0.0
"Jul 28, 2026",2026-07-26 11:00:00-06:00,0.0,0.0
"Jul 28, 2026",2026-07-26 12:00:00-06:00,0.014490339773484344,0.020897974082861835
"Jul 28, 2026",2026-07-26 13:00:00-06:00,0.15289806795469688,0.16029384924256251
"Jul 28, 2026",2026-07-26 14:00:00-06:00,0.41322451698867424,0.14450629676948348
"Jul 28, 2026",2026-07-26 15:00:00-06:00,0.21502331778814124,0.03983391129768206
"Jul 28, 2026",2026-07-26 16:00:00-06:00,0.04163890739506995,0.153905822230334
"Jul 28, 2026",2026-07-26 17:00:00-06:00,0.001998667554963358,0.28052564336557767
"Jul 28, 2026",2026-07-26 18:00:00-06:00,0.0,0.29868589158605585
"Jul 28, 2026",2026-07-26 19:00:00-06:00,0.0519653564290473,0.502281438218653
"Jul 28, 2026",2026-07-26 20:00:00-06:00,0.15239840106595604,0.859645920788465
"Jul 28, 2026",2026-07-26 21:00:00-06:00,0.22385076615589608,0.8945062967694835
"Jul 28, 2026",2026-07-26 22:00:00-06:00,0.13174550299800133,0.9716189085599563
"Jul 28, 2026",2026-07-26 23:00:00-06:00,0.13241172551632246,0.9051377988684066
"Jul 28, 2026",2026-07-27 00:00:00-06:00,0.10992671552298468,1.1795035590436211
"Jul 28, 2026",2026-07-27 01:00:00-06:00,0.4275483011325783,0.7438401168096368
"Jul 28, 2026",2026-07-27 02:00:00-06:00,0.09327115256495669,0.10430735535681694
"Jul 28, 2026",2026-07-27 03:00:00-06:00,0.03597601598934044,0.008350063880270122
"Jul 28, 2026",2026-07-27 04:00:00-06:00,0.15239840106595604,0.006661799598466874
"Jul 28, 2026",2026-07-27 05:00:00-06:00,0.36442371752165226,0.05265559408651214
"Jul 28, 2026",2026-07-27 06:00:00-06:00,0.04413724183877415,0.031529476181785
"Jul 28, 2026",2026-07-27 07:00:00-06:00,0.002664890073284477,0.004517247672933017
"Jul 28, 2026",2026-07-27 08:00:00-06:00,0.000999333777481679,0.009992699397700311
"Jul 28, 2026",2026-07-27 09:00:00-06:00,0.0038307794803464357,0.0
"Jul 28, 2026",2026-07-27 10:00:00-06:00,0.0,0.0
"Jul 28, 2026",2026-07-27 11:00:00-06:00,0.00033311125916055963,0.0
"Jul 28, 2026",2026-07-27 12:00:00-06:00,0.0008327781479013991,0.0
"Jul 28, 2026",2026-07-27 13:00:00-06:00,0.0,0.0
"Jul 28, 2026",2026-07-27 14:00:00-06:00,0.0,0.03700492790655229
"Jul 28, 2026",2026-07-27 15:00:00-06:00,0.1072618254497002,0.39208797225771125
"Jul 28, 2026",2026-07-27 16:00:00-06:00,0.35609593604263823,1.304070085782077
"Jul 28, 2026",2026-07-27 17:00:00-06:00,3.0627914723517655,2.3803613798138348
"Jul 28, 2026",2026-07-27 18:00:00-06:00,4.178214523650899,1.611881730242745
"Jul 28, 2026",2026-07-27 19:00:00-06:00,0.3096269153897402,0.2663807264099288
"Jul 28, 2026",2026-07-27 20:00:00-06:00,0.6387408394403731,0.28540792115349517
"Jul 28, 2026",2026-07-27 21:00:00-06:00,0.459526982011992,0.20948165723672202
"Jul 28, 2026",2026-07-27 22:00:00-06:00,0.045802798134576946,0.010950903449534586
"Jul 28, 2026",2026-07-27 23:00:00-06:00,0.0,0.0035590436210987406
"Jul 28, 2026",2026-07-28 00:00:00-06:00,0.0,0.0006844314655959116
"Jul 28, 2026",2026-07-28 01:00:00-06:00,0.0,0.13519802883737908
"Jul 28, 2026",2026-07-28 02:00:00-06:00,0.0,0.0007300602299689724
"Jul 28, 2026",2026-07-28 03:00:00-06:00,0.00016655562958027982,0.0
"Jul 28, 2026",2026-07-28 04:00:00-06:00,0.0,0.0
"Jul 28, 2026",2026-07-28 05:00:00-06:00,0.0,0.0
"Jul 28, 2026",2026-07-28 06:00:00-06:00,0.0,0.0
"Jul 28, 2026",2026-07-28 07:00:00-06:00,0.0,0.0
"Jul 28, 2026",2026-07-28 08:00:00-06:00,0.0,0.0
"Apr 16, 2024",2024-04-13 16:00:00-06:00,0.0,0.0
"Apr 16, 2024",2024-04-13 17:00:00-06:00,0.0,0.0
"Apr 16, 2024",2024-04-13 18:00:00-06:00,0.0,0.0
"Apr 16, 2024",2024-04-13 19:00:00-06:00,0.0,0.0
"Apr 16, 2024",2024-04-13 20:00:00-06:00,0.0,0.0
"Apr 16, 2024",2024-04-13 21:00:00-06:00,0.0,0.0
"Apr 16, 2024",2024-04-13 22:00:00-06:00,0.0,0.0
"Apr 16, 2024",2024-04-13 23:00:00-06:00,0.0,0.0
"Apr 16, 2024",2024-04-14 00:00:00-06:00,0.0,0.0
"Apr 16, 2024",2024-04-14 01:00:00-06:00,0.0,0.0
"Apr 16, 2024",2024-04-14 02:00:00-06:00,0.0,0.0
"Apr 16, 2024",2024-04-14 03:00:00-06:00,0.0,0.0
"Apr 16, 2024",2024-04-14 04:00:00-06:00,0.0,0.0
"Apr 16, 2024",2024-04-14 05:00:00-06:00,0.0,0.0
"Apr 16, 2024",2024-04-14 06:00:00-06:00,0.0,0.0
"Apr 16, 2024",2024-04-14 07:00:00-06:00,0.0,0.0
"Apr 16, 2024",2024-04-14 08:00:00-06:00,0.0,0.0
"Apr 16, 2024",2024-04-14 09:00:00-06:00,0.0,0.0
"Apr 16, 2024",2024-04-14 10:00:00-06:00,0.0,0.0
"Apr 16, 2024",2024-04-14 11:00:00-06:00,0.0,0.0
"Apr 16, 2024",2024-04-14 12:00:00-06:00,0.0,0.0
"Apr 16, 2024",2024-04-14 13:00:00-06:00,0.0,0.0
"Apr 16, 2024",2024-04-14 14:00:00-06:00,0.0,0.0
"Apr 16, 2024",2024-04-14 15:00:00-06:00,0.0,0.0
"Apr 16, 2024",2024-04-14 16:00:00-06:00,0.0,0.0
"Apr 16, 2024",2024-04-14 17:00:00-06:00,0.0,0.0
"Apr 16, 2024",2024-04-14 18:00:00-06:00,0.0,0.0
"Apr 16, 2024",2024-04-14 19:00:00-06:00,0.0,0.0
"Apr 16, 2024",2024-04-14 20:00:00-06:00,0.0,0.0
"Apr 16, 2024",2024-04-14 21:00:00-06:00,0.0,0.0
"Apr 16, 2024",2024-04-14 22:00:00-06:00,0.0,0.0
"Apr 16, 2024",2024-04-14 23:00:00-06:00,0.0,0.0
"Apr 16, 2024",2024-04-15 00:00:00-06:00,0.0,0.0
"Apr 16, 2024",2024-04-15 01:00:00-06:00,0.0,0.0
"Apr 16, 2024",2024-04-15 02:00:00-06:00,0.0,0.0
"Apr 16, 2024",2024-04-15 03:00:00-06:00,0.0,0.0
"Apr 16, 2024",2024-04-15 04:00:00-06:00,0.0,0.0
"Apr 16, 2024",2024-04-15 05:00:00-06:00,0.0,0.0
"Apr 16, 2024",2024-04-15 06:00:00-06:00,0.0,0.0
"Apr 16, 2024",2024-04-15 07:00:00-06:00,0.0,0.0
"Apr 16, 2024",2024-04-15 08:00:00-06:00,0.0,0.0
"Apr 16, 2024",2024-04-15 09:00:00-06:00,0.0,0.0
"Apr 16, 2024",2024-04-15 10:00:00-06:00,0.0,0.0
"Apr 16, 2024",2024-04-15 11:00:00-06:00,0.0,0.0
"Apr 16, 2024",2024-04-15 12:00:00-06:00,0.0,0.0
"Apr 16, 2024",2024-04-15 13:00:00-06:00,0.0,0.0
"Apr 16, 2024",2024-04-15 14:00:00-06:00,0.0,0.0
"Apr 16, 2024",2024-04-15 15:00:00-06:00,0.0,0.0
"Apr 16, 2024",2024-04-15 16:00:00-06:00,0.0,0.0
"Apr 16, 2024",2024-04-15 17:00:00-06:00,0.0,0.01528563606497536
"Apr 16, 2024",2024-04-15 18:00:00-06:00,0.021152564956695537,0.009034495345866034
"Apr 16, 2024",2024-04-15 19:00:00-06:00,0.03980679546968688,0.0067986858915860555
"Apr 16, 2024",2024-04-15 20:00:00-06:00,0.015822784810126583,4.5628764373060775e-05
"Apr 16, 2024",2024-04-15 21:00:00-06:00,0.0008327781479013991,0.0
"Apr 16, 2024",2024-04-15 22:00:00-06:00,0.0008327781479013991,0.0
"Apr 16, 2024",2024-04-15 23:00:00-06:00,0.00033311125916055963,0.00588611060412484
"Apr 16, 2024",2024-04-16 00:00:00-06:00,0.004497001998667555,0.008943237817119913
"Apr 16, 2024",2024-04-16 01:00:00-06:00,0.015822784810126583,0.07309728052564336
"Apr 16, 2024",2024-04-16 02:00:00-06:00,0.1823784143904064,0.20628764373060776
"Apr 16, 2024",2024-04-16 03:00:00-06:00,0.14623584277148569,0.23717831721116991
"Apr 16, 2024",2024-04-16 04:00:00-06:00,0.18837441705529648,0.22627304252600838
"Apr 16, 2024",2024-04-16 05:00:00-06:00,0.679713524317122,0.4716645373243293
"Apr 16, 2024",2024-04-16 06:00:00-06:00,0.39157228514323783,0.42142726774958933
"Apr 16, 2024",2024-04-16 07:00:00-06:00,0.14906728847435044,0.07784267202044169
"Apr 16, 2024",2024-04-16 08:00:00-06:00,0.0021652231845436377,0.0
"Apr 16, 2024",2024-04-16 09:00:00-06:00,0.0,0.0
"Apr 16, 2024",2024-04-16 10:00:00-06:00,0.00033311125916055963,0.0015057492243110056
"Apr 16, 2024",2024-04-16 11:00:00-06:00,0.005662891405729514,0.00469976273042526
"Apr 16, 2024",2024-04-16 12:00:00-06:00,0.014990006662225183,0.005703595546632597
"Apr 16, 2024",2024-04-16 13:00:00-06:00,0.0029980013324450365,0.00766563241467421
"Apr 16, 2024",2024-04-16 14:00:00-06:00,0.007495003331112591,0.007254973535316664
"Apr 16, 2024",2024-04-16 15:00:00-06:00,0.0,0.0
"Apr 16, 2024",2024-04-16 16:00:00-06:00,0.0,0.0
